file,class,method,constructor,line,cbo,cboModified,fanin,fanout,wmc,rfc,loc,returnsQty,variablesQty,parametersQty,methodsInvokedQty,methodsInvokedLocalQty,methodsInvokedIndirectLocalQty,loopQty,comparisonsQty,tryCatchQty,parenthesizedExpsQty,stringLiteralsQty,numbersQty,assignmentsQty,mathOperationsQty,maxNestedBlocksQty,anonymousClassesQty,innerClassesQty,lambdasQty,uniqueWordsQty,modifiers,logStatementsQty,hasJavaDoc
/home/x1/Desktop/ass/ass16/Linked-Lists-Everywhere-master/src/main/java/interfases/IndexList.java,interfases.IndexList,"set/2[int,T]",false,61,1,0,0,0,1,0,1,0,0,2,0,0,0,0,0,0,0,0,0,0,0,0,0,0,0,33,1,0,true
/home/x1/Desktop/ass/ass16/Linked-Lists-Everywhere-master/src/main/java/interfases/IndexList.java,interfases.IndexList,isEmpty/0,false,11,0,0,0,0,1,0,1,0,0,0,0,0,0,0,0,0,0,0,0,0,0,0,0,0,0,8,1,0,true
/home/x1/Desktop/ass/ass16/Linked-Lists-Everywhere-master/src/main/java/interfases/IndexList.java,interfases.IndexList,remove/1[int],false,48,1,0,0,0,1,0,1,0,0,1,0,0,0,0,0,0,0,0,0,0,0,0,0,0,0,34,1,0,true
/home/x1/Desktop/ass/ass16/Linked-Lists-Everywhere-master/src/main/java/interfases/IndexList.java,interfases.IndexList,add/1[T],false,27,1,0,0,0,1,0,1,0,0,1,0,0,0,0,0,0,0,0,0,0,0,0,0,0,0,27,1,0,true
/home/x1/Desktop/ass/ass16/Linked-Lists-Everywhere-master/src/main/java/interfases/IndexList.java,interfases.IndexList,get/1[int],false,36,1,0,0,0,1,0,1,0,0,1,0,0,0,0,0,0,0,0,0,0,0,0,0,0,0,26,1,0,true
/home/x1/Desktop/ass/ass16/Linked-Lists-Everywhere-master/src/main/java/interfases/IndexList.java,interfases.IndexList,"add/2[int,T]",false,17,1,0,0,0,1,0,1,0,0,2,0,0,0,0,0,0,0,0,0,0,0,0,0,0,0,21,1,0,true
/home/x1/Desktop/ass/ass16/Linked-Lists-Everywhere-master/src/main/java/interfases/IndexList.java,interfases.IndexList,size/0,false,5,0,0,0,0,1,0,1,0,0,0,0,0,0,0,0,0,0,0,0,0,0,0,0,0,0,10,1,0,true
/home/x1/Desktop/ass/ass16/Linked-Lists-Everywhere-master/src/test/java/IndexListTester.java,IndexListTester,"listTester/2[java.lang.String,interfases.IndexList<java.lang.Integer>]",false,23,2,8,1,7,4,9,44,0,2,2,9,4,3,2,0,1,0,0,53,3,0,1,0,0,0,13,10,0,false
/home/x1/Desktop/ass/ass16/Linked-Lists-Everywhere-master/src/test/java/IndexListTester.java,IndexListTester,showList/1[interfases.IndexList<java.lang.Integer>],false,91,2,6,4,2,2,3,5,0,2,1,3,1,1,1,0,0,0,2,1,2,1,1,0,0,0,10,10,0,false
/home/x1/Desktop/ass/ass16/Linked-Lists-Everywhere-master/src/test/java/IndexListTester.java,IndexListTester,"showElement/2[interfases.IndexList<java.lang.Integer>,int]",false,77,1,2,1,1,2,3,8,0,0,2,3,0,0,0,0,1,0,2,0,0,1,1,0,0,0,6,10,0,false
/home/x1/Desktop/ass/ass16/Linked-Lists-Everywhere-master/src/test/java/IndexListTester.java,IndexListTester,"showListAfterReplacing/3[interfases.IndexList<java.lang.Integer>,int,java.lang.Integer]",false,121,2,3,1,2,2,4,11,0,1,3,4,1,2,0,0,1,0,3,0,1,2,1,0,0,0,19,10,0,false
/home/x1/Desktop/ass/ass16/Linked-Lists-Everywhere-master/src/test/java/IndexListTester.java,IndexListTester,"showListAfterAdding/3[interfases.IndexList<java.lang.Integer>,int,java.lang.Integer]",false,110,2,3,1,2,2,4,10,0,0,3,4,1,2,0,0,1,0,2,0,0,1,1,0,0,0,13,10,0,false
/home/x1/Desktop/ass/ass16/Linked-Lists-Everywhere-master/src/test/java/IndexListTester.java,IndexListTester,showSize/1[interfases.IndexList<java.lang.Integer>],false,87,1,1,0,1,1,2,3,0,0,1,2,0,0,0,0,0,0,1,0,0,1,0,0,0,0,5,10,0,false
/home/x1/Desktop/ass/ass16/Linked-Lists-Everywhere-master/src/test/java/IndexListTester.java,IndexListTester,main/1[java.lang.String[]],false,12,5,5,0,5,1,2,7,0,0,1,2,1,4,0,0,0,0,5,0,0,0,0,0,0,0,14,9,0,false
/home/x1/Desktop/ass/ass16/Linked-Lists-Everywhere-master/src/test/java/IndexListTester.java,IndexListTester,"showListAfterDeleting/2[interfases.IndexList<java.lang.Integer>,int]",false,98,2,3,1,2,2,4,11,0,1,2,4,1,2,0,0,1,0,2,0,1,2,1,0,0,0,18,10,0,false
/home/x1/Desktop/ass/ass16/Linked-Lists-Everywhere-master/src/main/java/indexlist/LLIndexList.java,indexlist.LLIndexList,getDataNodeAtPosition/1[int],false,46,3,2,0,2,2,2,5,1,2,1,2,0,0,1,0,0,0,0,1,3,0,1,0,0,0,38,2,0,true
/home/x1/Desktop/ass/ass16/Linked-Lists-Everywhere-master/src/main/java/indexlist/LLIndexList.java,indexlist.LLIndexList,isEmpty/0,false,30,1,1,0,1,2,1,3,1,0,0,1,0,0,0,1,0,0,0,1,0,0,0,0,0,0,7,1,0,true
/home/x1/Desktop/ass/ass16/Linked-Lists-Everywhere-master/src/main/java/indexlist/LLIndexList.java,indexlist.LLIndexList,remove/1[int],false,94,4,4,0,4,3,4,7,1,2,1,4,0,0,0,0,0,0,2,1,2,1,1,0,0,0,13,1,0,false
/home/x1/Desktop/ass/ass16/Linked-Lists-Everywhere-master/src/main/java/indexlist/LLIndexList.java,indexlist.LLIndexList,LLIndexList/1[interfases.LinkedList<T>],true,14,2,0,0,0,1,0,3,0,0,1,0,0,0,0,0,0,0,0,0,1,0,0,0,0,0,11,1,0,true
/home/x1/Desktop/ass/ass16/Linked-Lists-Everywhere-master/src/main/java/indexlist/LLIndexList.java,indexlist.LLIndexList,size/0,false,22,1,1,0,1,1,1,3,1,0,0,1,0,0,0,0,0,0,0,0,0,0,0,0,0,0,6,1,0,true
/home/x1/Desktop/ass/ass16/Linked-Lists-Everywhere-master/src/main/java/indexlist/LLIndexList.java,indexlist.LLIndexList,get/1[int],false,86,4,3,0,3,3,3,5,1,1,1,3,0,0,0,0,0,0,2,1,1,1,1,0,0,0,14,1,0,false
/home/x1/Desktop/ass/ass16/Linked-Lists-Everywhere-master/src/main/java/indexlist/LLIndexList.java,indexlist.LLIndexList,"add/2[int,T]",false,63,4,6,0,6,4,6,10,0,2,2,6,0,0,0,1,0,0,2,3,2,2,2,0,0,0,33,1,0,true
/home/x1/Desktop/ass/ass16/Linked-Lists-Everywhere-master/src/main/java/indexlist/LLIndexList.java,indexlist.LLIndexList,"set/2[int,T]",false,105,4,4,0,4,3,4,7,1,2,2,4,0,0,0,0,0,0,2,1,2,1,1,0,0,0,14,1,0,false
/home/x1/Desktop/ass/ass16/Linked-Lists-Everywhere-master/src/main/java/indexlist/LLIndexList.java,indexlist.LLIndexList,add/1[T],false,78,3,4,0,4,1,4,6,0,2,1,4,0,0,0,0,0,0,0,0,2,0,0,0,0,0,6,1,0,false
/home/x1/Desktop/ass/ass16/Linked-Lists-Everywhere-master/src/main/java/linkedLists/SLList.java,linkedLists.SLList,createNewNode/0,false,177,3,1,0,1,1,0,3,1,0,0,0,0,0,0,0,0,0,0,0,0,0,0,0,0,0,3,1,0,true
/home/x1/Desktop/ass/ass16/Linked-Lists-Everywhere-master/src/main/java/linkedLists/SLList.java,linkedLists.SLList,makeEmpty/0,false,168,1,1,0,1,1,1,4,0,0,0,1,0,0,0,0,0,0,0,1,1,0,0,0,0,0,44,1,0,true
/home/x1/Desktop/ass/ass16/Linked-Lists-Everywhere-master/src/main/java/linkedLists/SLList.java,linkedLists.SLList,getFirstNode/0,false,132,3,0,0,0,2,0,4,1,0,0,0,0,0,0,1,0,0,1,0,0,0,1,0,0,0,12,1,0,true
/home/x1/Desktop/ass/ass16/Linked-Lists-Everywhere-master/src/main/java/linkedLists/SLList.java,linkedLists.SLList,getNodeAfter/1[interfases.Node<T>],false,82,3,1,0,1,1,1,3,1,0,1,1,0,0,0,0,0,1,0,0,0,0,0,0,0,0,4,1,0,false
/home/x1/Desktop/ass/ass16/Linked-Lists-Everywhere-master/src/main/java/linkedLists/SLList.java,linkedLists.SLList,"addNodeAfter/2[interfases.Node<T>,interfases.Node<T>]",false,39,3,2,0,2,1,2,5,0,0,2,2,0,0,0,0,0,2,0,0,0,0,0,0,0,0,6,1,0,false
/home/x1/Desktop/ass/ass16/Linked-Lists-Everywhere-master/src/main/java/linkedLists/SLList.java,linkedLists.SLList,SLList/0,true,13,0,0,0,0,1,0,4,0,0,0,0,0,0,0,0,0,0,0,1,2,0,0,0,0,0,6,1,0,false
/home/x1/Desktop/ass/ass16/Linked-Lists-Everywhere-master/src/main/java/linkedLists/SLList.java,linkedLists.SLList,addFirstNode/1[interfases.Node<T>],false,18,3,1,0,1,1,1,5,0,0,1,1,0,0,0,0,0,1,0,0,1,0,0,0,0,0,6,1,0,false
/home/x1/Desktop/ass/ass16/Linked-Lists-Everywhere-master/src/main/java/linkedLists/SLList.java,linkedLists.SLList,getNodeBefore/1[interfases.Node<T>],false,92,3,1,0,1,2,1,4,2,0,1,1,0,0,0,1,0,0,0,0,0,0,1,0,0,0,9,1,0,true
/home/x1/Desktop/ass/ass16/Linked-Lists-Everywhere-master/src/main/java/linkedLists/SLList.java,linkedLists.SLList,getLastNode/0,false,71,3,1,0,1,3,1,8,2,1,0,1,0,0,1,2,0,0,0,0,2,0,3,0,0,0,6,1,0,false
/home/x1/Desktop/ass/ass16/Linked-Lists-Everywhere-master/src/main/java/linkedLists/SLList.java,linkedLists.SLList,iterator/0,false,188,2,1,0,1,1,0,3,1,0,0,0,0,0,0,0,0,0,0,0,0,0,0,0,0,0,3,1,0,false
/home/x1/Desktop/ass/ass16/Linked-Lists-Everywhere-master/src/main/java/linkedLists/SLList.java,linkedLists.SLList,nodes/0,false,182,3,1,0,1,1,0,3,1,0,0,0,0,0,0,0,0,0,0,0,0,0,0,0,0,0,3,1,0,false
/home/x1/Desktop/ass/ass16/Linked-Lists-Everywhere-master/src/main/java/linkedLists/SLList.java,linkedLists.SLList,"addNodeBefore/2[interfases.Node<T>,interfases.Node<T>]",false,47,3,3,0,3,2,3,7,0,1,2,3,0,0,0,1,0,0,0,0,1,0,2,0,0,0,10,1,0,false
/home/x1/Desktop/ass/ass16/Linked-Lists-Everywhere-master/src/main/java/linkedLists/SLList.java,linkedLists.SLList,findNodePrevTo/1[interfases.Node<T>],false,59,3,1,0,1,4,1,8,2,1,1,1,0,0,1,3,0,0,0,0,2,0,3,0,0,0,8,2,0,false
/home/x1/Desktop/ass/ass16/Linked-Lists-Everywhere-master/src/main/java/linkedLists/SLList.java,linkedLists.SLList,length/0,false,104,0,0,0,0,1,0,3,1,0,0,0,0,0,0,0,0,0,0,0,0,0,0,0,0,0,1,1,0,true
/home/x1/Desktop/ass/ass16/Linked-Lists-Everywhere-master/src/main/java/linkedLists/SLList.java,linkedLists.SLList,destroy/0,false,148,2,3,0,3,2,3,8,0,1,0,3,0,0,1,1,0,0,0,0,2,0,1,0,0,0,43,2,0,true
/home/x1/Desktop/ass/ass16/Linked-Lists-Everywhere-master/src/main/java/linkedLists/SLList.java,linkedLists.SLList,removeNode/1[interfases.Node<T>],false,112,4,5,0,5,2,5,9,0,1,1,5,0,0,0,1,0,0,0,0,2,0,2,0,0,0,15,1,0,true
/home/x1/Desktop/ass/ass16/Linked-Lists-Everywhere-master/src/main/java/linkedLists/SLList.java,linkedLists.SLList,clone/0,false,255,4,4,0,4,2,3,9,1,2,0,3,0,0,1,0,0,0,0,0,2,0,1,0,0,0,7,1,0,false
/home/x1/Desktop/ass/ass16/Linked-Lists-Everywhere-master/src/main/java/linkedLists/SLList.java,linkedLists.SLList,addLastNode/1[interfases.Node<T>],false,25,3,2,0,2,3,2,11,0,2,1,2,0,0,1,2,0,0,0,1,4,0,3,0,0,0,10,1,0,false
/home/x1/Desktop/ass/ass16/Linked-Lists-Everywhere-master/src/main/java/linkedLists/SLFLList.java,linkedLists.SLFLList,getLastNode/0,false,89,3,0,0,0,2,0,4,1,0,0,0,0,0,0,1,0,0,1,0,0,0,1,0,0,0,12,1,0,false
/home/x1/Desktop/ass/ass16/Linked-Lists-Everywhere-master/src/main/java/linkedLists/SLFLList.java,linkedLists.SLFLList,createNewNode/0,false,142,3,1,0,1,1,0,3,1,0,0,0,0,0,0,0,0,0,0,0,0,0,0,0,0,0,3,1,0,false
/home/x1/Desktop/ass/ass16/Linked-Lists-Everywhere-master/src/main/java/linkedLists/SLFLList.java,linkedLists.SLFLList,SLFLList/0,true,20,0,0,0,0,1,0,4,0,0,0,0,0,0,0,0,0,0,0,1,3,0,0,0,0,0,8,1,0,false
/home/x1/Desktop/ass/ass16/Linked-Lists-Everywhere-master/src/main/java/linkedLists/SLFLList.java,linkedLists.SLFLList,nodes/0,false,166,3,1,0,1,1,0,3,1,0,0,0,0,0,0,0,0,0,0,0,0,0,0,0,0,0,3,1,0,false
/home/x1/Desktop/ass/ass16/Linked-Lists-Everywhere-master/src/main/java/linkedLists/SLFLList.java,linkedLists.SLFLList,"addNodeAfter/2[interfases.Node<T>,interfases.Node<T>]",false,44,3,2,0,2,2,3,11,0,0,2,3,0,0,0,0,0,4,0,0,1,0,1,0,0,0,7,1,0,true
/home/x1/Desktop/ass/ass16/Linked-Lists-Everywhere-master/src/main/java/linkedLists/SLFLList.java,linkedLists.SLFLList,length/0,false,119,0,0,0,0,1,0,3,1,0,0,0,0,0,0,0,0,0,0,0,0,0,0,0,0,0,1,1,0,false
/home/x1/Desktop/ass/ass16/Linked-Lists-Everywhere-master/src/main/java/linkedLists/SLFLList.java,linkedLists.SLFLList,removeNode/1[interfases.Node<T>],false,123,4,4,0,4,3,4,19,0,2,1,4,0,0,0,2,0,0,0,0,5,0,1,0,0,0,10,1,0,false
/home/x1/Desktop/ass/ass16/Linked-Lists-Everywhere-master/src/main/java/linkedLists/SLFLList.java,linkedLists.SLFLList,"addNodeBefore/2[interfases.Node<T>,interfases.Node<T>]",false,72,3,3,0,3,2,3,8,0,1,2,3,0,0,0,2,0,0,0,0,1,0,2,0,0,0,12,1,0,true
/home/x1/Desktop/ass/ass16/Linked-Lists-Everywhere-master/src/main/java/linkedLists/SLFLList.java,linkedLists.SLFLList,getFirstNode/0,false,82,3,0,0,0,2,0,4,1,0,0,0,0,0,0,1,0,0,1,0,0,0,1,0,0,0,12,1,0,false
/home/x1/Desktop/ass/ass16/Linked-Lists-Everywhere-master/src/main/java/linkedLists/SLFLList.java,linkedLists.SLFLList,addFirstNode/1[interfases.Node<T>],false,29,3,1,0,1,2,1,10,0,0,1,1,0,0,0,1,0,1,0,1,3,0,1,0,0,0,7,1,0,true
/home/x1/Desktop/ass/ass16/Linked-Lists-Everywhere-master/src/main/java/linkedLists/SLFLList.java,linkedLists.SLFLList,getNodeAfter/1[interfases.Node<T>],false,95,3,1,0,1,3,2,5,2,0,1,2,0,0,0,1,0,1,1,1,0,0,1,0,0,0,13,1,0,false
/home/x1/Desktop/ass/ass16/Linked-Lists-Everywhere-master/src/main/java/linkedLists/SLFLList.java,linkedLists.SLFLList,clone/0,false,226,4,4,0,4,2,3,9,1,2,0,3,0,0,1,0,0,0,0,0,2,0,1,0,0,0,7,1,0,false
/home/x1/Desktop/ass/ass16/Linked-Lists-Everywhere-master/src/main/java/linkedLists/SLFLList.java,linkedLists.SLFLList,iterator/0,false,147,2,1,0,1,1,0,3,1,0,0,0,0,0,0,0,0,0,0,0,0,0,0,0,0,0,3,1,0,false
/home/x1/Desktop/ass/ass16/Linked-Lists-Everywhere-master/src/main/java/linkedLists/SLFLList.java,linkedLists.SLFLList,findNodePrevTo/1[interfases.Node<T>],false,55,3,1,0,1,4,1,8,2,1,1,1,0,0,1,3,0,0,0,0,2,0,3,0,0,0,8,2,0,false
/home/x1/Desktop/ass/ass16/Linked-Lists-Everywhere-master/src/main/java/linkedLists/SLFLList.java,linkedLists.SLFLList,getNodeBefore/1[interfases.Node<T>],false,103,3,1,0,1,6,2,14,3,1,1,2,0,0,1,3,0,0,1,1,2,0,2,0,0,0,15,1,0,false
/home/x1/Desktop/ass/ass16/Linked-Lists-Everywhere-master/src/main/java/linkedLists/SLFLList.java,linkedLists.SLFLList,addLastNode/1[interfases.Node<T>],false,152,3,1,0,1,2,1,12,0,1,1,1,0,0,0,1,0,0,0,0,3,0,1,0,0,0,9,1,0,false
/home/x1/Desktop/ass/ass16/Linked-Lists-Everywhere-master/src/test/java/CloneTester.java,CloneTester,main/1[java.lang.String[]],false,9,3,6,0,6,1,3,8,0,6,1,3,0,0,0,0,0,0,0,0,6,0,0,0,0,0,14,9,0,false
/home/x1/Desktop/ass/ass16/Linked-Lists-Everywhere-master/src/main/java/linkedLists/SLFLList.java,linkedLists.SLFLList$ElementsIterator,hasNext/0,false,215,0,0,0,0,1,0,3,1,0,0,0,0,0,0,0,0,0,0,0,0,0,0,0,0,0,3,1,0,false
/home/x1/Desktop/ass/ass16/Linked-Lists-Everywhere-master/src/main/java/linkedLists/SLFLList.java,linkedLists.SLFLList$ElementsIterator,next/0,false,220,1,0,0,0,1,0,3,1,0,0,0,0,0,0,0,0,0,0,0,0,0,0,0,0,0,3,1,0,false
/home/x1/Desktop/ass/ass16/Linked-Lists-Everywhere-master/src/main/java/linkedLists/SLList.java,linkedLists.SLList$ElementsIterator,next/0,false,211,3,2,0,2,1,2,3,1,0,0,2,0,0,0,0,0,0,0,0,0,0,0,0,0,0,2,1,0,false
/home/x1/Desktop/ass/ass16/Linked-Lists-Everywhere-master/src/main/java/linkedLists/SLList.java,linkedLists.SLList$ElementsIterator,hasNext/0,false,206,1,1,0,1,1,1,3,1,0,0,1,0,0,0,0,0,0,0,0,0,0,0,0,0,0,2,1,0,false
/home/x1/Desktop/ass/ass16/Linked-Lists-Everywhere-master/src/main/java/linkedLists/SLList.java,linkedLists.SLList$ElementsIterator,remove/0,false,215,1,1,0,1,1,1,3,0,0,0,1,0,0,0,0,0,0,0,0,0,0,0,0,0,0,1,1,0,false
/home/x1/Desktop/ass/ass16/Linked-Lists-Everywhere-master/src/main/java/linkedLists/DLDHDTList.java,linkedLists.DLDHDTList$NodesIterable,iterator/0,false,148,3,1,0,1,1,0,3,1,0,0,0,0,0,0,0,0,0,0,0,0,0,0,0,0,0,1,1,0,false
/home/x1/Desktop/ass/ass16/Linked-Lists-Everywhere-master/src/main/java/linkedLists/DLDHDTList.java,linkedLists.DLDHDTList$ElementsIterator,hasNext/0,false,167,1,1,0,1,1,1,3,1,0,0,1,0,0,0,0,0,0,0,0,0,0,0,0,0,0,2,1,0,false
/home/x1/Desktop/ass/ass16/Linked-Lists-Everywhere-master/src/main/java/linkedLists/DLDHDTList.java,linkedLists.DLDHDTList$ElementsIterator,remove/0,false,176,1,1,0,1,1,1,3,0,0,0,1,0,0,0,0,0,0,0,0,0,0,0,0,0,0,1,1,0,false
/home/x1/Desktop/ass/ass16/Linked-Lists-Everywhere-master/src/main/java/linkedLists/DLDHDTList.java,linkedLists.DLDHDTList$ElementsIterator,next/0,false,172,3,2,0,2,1,2,3,1,0,0,2,0,0,0,0,0,0,0,0,0,0,0,0,0,0,2,1,0,false
/home/x1/Desktop/ass/ass16/Linked-Lists-Everywhere-master/src/main/java/linkedLists/SLFLList.java,linkedLists.SLFLList$NodesIterator,hasNext/0,false,184,0,0,0,0,2,0,3,1,0,0,0,0,0,0,1,0,0,0,0,0,0,0,0,0,0,4,1,0,false
/home/x1/Desktop/ass/ass16/Linked-Lists-Everywhere-master/src/main/java/linkedLists/SLFLList.java,linkedLists.SLFLList$NodesIterator,remove/0,false,199,1,2,0,2,3,2,7,0,0,0,2,0,0,0,1,0,0,1,0,2,0,1,0,0,0,13,1,0,false
/home/x1/Desktop/ass/ass16/Linked-Lists-Everywhere-master/src/main/java/linkedLists/SLFLList.java,linkedLists.SLFLList$NodesIterator,next/0,false,188,3,2,0,2,4,2,8,1,1,0,2,0,0,0,1,0,1,1,0,4,0,1,0,0,0,16,1,0,false
/home/x1/Desktop/ass/ass16/Linked-Lists-Everywhere-master/src/main/java/linkedLists/SLFLList.java,linkedLists.SLFLList$NodesIterable,iterator/0,false,173,3,1,0,1,1,0,3,1,0,0,0,0,0,0,0,0,0,0,0,0,0,0,0,0,0,3,1,0,false
/home/x1/Desktop/ass/ass16/Linked-Lists-Everywhere-master/src/main/java/interfases/Node.java,interfases.Node,getElement/0,false,10,1,0,0,0,1,0,1,0,0,0,0,0,0,0,0,0,0,0,0,0,0,0,0,0,0,8,0,0,true
/home/x1/Desktop/ass/ass16/Linked-Lists-Everywhere-master/src/main/java/interfases/Node.java,interfases.Node,clean/0,false,22,0,0,0,0,1,0,1,0,0,0,0,0,0,0,0,0,0,0,0,0,0,0,0,0,0,8,1,0,true
/home/x1/Desktop/ass/ass16/Linked-Lists-Everywhere-master/src/main/java/interfases/Node.java,interfases.Node,getNext/0,false,27,2,0,0,0,1,0,1,0,0,0,0,0,0,0,0,0,0,0,0,0,0,0,0,0,0,9,0,0,true
/home/x1/Desktop/ass/ass16/Linked-Lists-Everywhere-master/src/main/java/interfases/Node.java,interfases.Node,setElement/1[T],false,16,1,0,0,0,1,0,1,0,0,1,0,0,0,0,0,0,0,0,0,0,0,0,0,0,0,15,0,0,true
/home/x1/Desktop/ass/ass16/Linked-Lists-Everywhere-master/src/main/java/linkedLists/SLList.java,linkedLists.SLList$NodesIterable,iterator/0,false,195,3,1,0,1,1,0,3,1,0,0,0,0,0,0,0,0,0,0,0,0,0,0,0,0,0,3,1,0,false
/home/x1/Desktop/ass/ass16/Linked-Lists-Everywhere-master/src/main/java/linkedLists/AbstractDLList.java,linkedLists.AbstractDLList$DNode,setElement/1[T],false,53,1,0,0,0,1,0,3,0,0,1,0,0,0,0,0,0,0,0,0,1,0,0,0,0,0,5,1,0,false
/home/x1/Desktop/ass/ass16/Linked-Lists-Everywhere-master/src/main/java/linkedLists/AbstractDLList.java,linkedLists.AbstractDLList$DNode,DNode/0,true,18,0,0,0,0,1,0,3,0,0,0,0,0,0,0,0,0,0,0,0,0,0,0,0,0,0,2,1,0,false
/home/x1/Desktop/ass/ass16/Linked-Lists-Everywhere-master/src/main/java/linkedLists/AbstractDLList.java,linkedLists.AbstractDLList$DNode,getNext/0,false,41,2,0,0,0,1,0,3,1,0,0,0,0,0,0,0,0,0,0,0,0,0,0,0,0,0,3,1,0,false
/home/x1/Desktop/ass/ass16/Linked-Lists-Everywhere-master/src/main/java/linkedLists/AbstractDLList.java,linkedLists.AbstractDLList$DNode,setNext/1[linkedLists.AbstractDLList.DNode<T>],false,45,2,0,0,0,1,0,3,0,0,1,0,0,0,0,0,0,0,0,0,1,0,0,0,0,0,3,1,0,false
/home/x1/Desktop/ass/ass16/Linked-Lists-Everywhere-master/src/main/java/linkedLists/AbstractDLList.java,linkedLists.AbstractDLList$DNode,"DNode/3[T,linkedLists.AbstractDLList.DNode<T>,linkedLists.AbstractDLList.DNode<T>]",true,26,2,0,0,0,1,0,5,0,0,3,0,0,0,0,0,0,0,0,0,3,0,0,0,0,0,9,1,0,false
/home/x1/Desktop/ass/ass16/Linked-Lists-Everywhere-master/src/main/java/linkedLists/AbstractDLList.java,linkedLists.AbstractDLList$DNode,setPrev/1[linkedLists.AbstractDLList.DNode<T>],false,37,2,0,0,0,1,0,3,0,0,1,0,0,0,0,0,0,0,0,0,1,0,0,0,0,0,3,1,0,false
/home/x1/Desktop/ass/ass16/Linked-Lists-Everywhere-master/src/main/java/linkedLists/AbstractDLList.java,linkedLists.AbstractDLList$DNode,clean/0,false,60,0,0,0,0,1,0,4,0,0,0,0,0,0,0,0,0,0,0,0,3,0,0,0,0,0,10,1,0,true
/home/x1/Desktop/ass/ass16/Linked-Lists-Everywhere-master/src/main/java/linkedLists/AbstractDLList.java,linkedLists.AbstractDLList$DNode,DNode/1[T],true,22,1,0,0,0,1,0,3,0,0,1,0,0,0,0,0,0,0,0,0,0,0,0,0,0,0,4,1,0,false
/home/x1/Desktop/ass/ass16/Linked-Lists-Everywhere-master/src/main/java/linkedLists/AbstractDLList.java,linkedLists.AbstractDLList$DNode,getPrev/0,false,33,2,0,0,0,1,0,3,1,0,0,0,0,0,0,0,0,0,0,0,0,0,0,0,0,0,3,1,0,false
/home/x1/Desktop/ass/ass16/Linked-Lists-Everywhere-master/src/main/java/linkedLists/AbstractDLList.java,linkedLists.AbstractDLList$DNode,getElement/0,false,49,1,0,0,0,1,0,3,1,0,0,0,0,0,0,0,0,0,0,0,0,0,0,0,0,0,4,1,0,false
/home/x1/Desktop/ass/ass16/Linked-Lists-Everywhere-master/src/main/java/linkedLists/DLDHDTList.java,linkedLists.DLDHDTList,"addNodeAfter/2[interfases.Node<T>,interfases.Node<T>]",false,36,3,3,0,3,1,3,10,0,3,2,3,0,0,0,0,0,0,0,0,3,0,0,0,0,0,10,1,0,false
/home/x1/Desktop/ass/ass16/Linked-Lists-Everywhere-master/src/main/java/linkedLists/DLDHDTList.java,linkedLists.DLDHDTList,nodes/0,false,141,3,1,0,1,1,0,3,1,0,0,0,0,0,0,0,0,0,0,0,0,0,0,0,0,0,1,1,0,true
/home/x1/Desktop/ass/ass16/Linked-Lists-Everywhere-master/src/main/java/linkedLists/DLDHDTList.java,linkedLists.DLDHDTList,clone/0,false,186,4,4,0,4,2,3,9,1,2,0,3,0,0,1,0,0,0,0,0,2,0,1,0,0,0,7,1,0,true
/home/x1/Desktop/ass/ass16/Linked-Lists-Everywhere-master/src/main/java/linkedLists/DLDHDTList.java,linkedLists.DLDHDTList,removeNode/1[interfases.Node<T>],false,100,3,5,0,5,1,5,7,0,1,1,5,0,0,0,0,0,0,0,0,1,0,0,0,0,0,14,1,0,true
/home/x1/Desktop/ass/ass16/Linked-Lists-Everywhere-master/src/main/java/linkedLists/DLDHDTList.java,linkedLists.DLDHDTList,getNodeAfter/1[interfases.Node<T>],false,76,3,1,0,1,2,1,4,1,0,1,1,0,0,0,1,0,1,1,1,0,0,1,0,0,0,11,1,0,false
/home/x1/Desktop/ass/ass16/Linked-Lists-Everywhere-master/src/main/java/linkedLists/DLDHDTList.java,linkedLists.DLDHDTList,DLDHDTList/0,true,14,2,3,0,3,1,2,7,0,0,0,2,0,0,0,0,0,0,0,1,3,0,0,0,0,0,8,1,0,false
/home/x1/Desktop/ass/ass16/Linked-Lists-Everywhere-master/src/main/java/linkedLists/DLDHDTList.java,linkedLists.DLDHDTList,getFirstNode/0,false,64,3,1,0,1,2,1,4,1,0,0,1,0,0,0,1,0,0,1,1,0,0,1,0,0,0,11,1,0,false
/home/x1/Desktop/ass/ass16/Linked-Lists-Everywhere-master/src/main/java/linkedLists/DLDHDTList.java,linkedLists.DLDHDTList,iterator/0,false,158,2,1,0,1,1,0,3,1,0,0,0,0,0,0,0,0,0,0,0,0,0,0,0,0,0,1,1,0,true
/home/x1/Desktop/ass/ass16/Linked-Lists-Everywhere-master/src/main/java/linkedLists/DLDHDTList.java,linkedLists.DLDHDTList,getNodeBefore/1[interfases.Node<T>],false,82,3,1,0,1,2,1,4,1,0,1,1,0,0,0,1,0,1,1,1,0,0,1,0,0,0,11,1,0,false
/home/x1/Desktop/ass/ass16/Linked-Lists-Everywhere-master/src/main/java/linkedLists/DLDHDTList.java,linkedLists.DLDHDTList,makeEmpty/0,false,129,2,2,0,2,2,2,6,0,1,0,2,0,0,1,1,0,0,0,0,1,0,1,0,0,0,31,1,0,true
/home/x1/Desktop/ass/ass16/Linked-Lists-Everywhere-master/src/main/java/linkedLists/DLDHDTList.java,linkedLists.DLDHDTList,length/0,false,92,0,0,0,0,1,0,3,1,0,0,0,0,0,0,0,0,0,0,0,0,0,0,0,0,0,1,1,0,true
/home/x1/Desktop/ass/ass16/Linked-Lists-Everywhere-master/src/main/java/linkedLists/DLDHDTList.java,linkedLists.DLDHDTList,addFirstNode/1[interfases.Node<T>],false,22,3,1,0,1,1,1,3,0,0,1,1,0,0,0,0,0,0,0,0,0,0,0,0,0,0,5,1,0,false
/home/x1/Desktop/ass/ass16/Linked-Lists-Everywhere-master/src/main/java/linkedLists/DLDHDTList.java,linkedLists.DLDHDTList,getLastNode/0,false,70,3,1,0,1,2,1,4,1,0,0,1,0,0,0,1,0,0,1,1,0,0,1,0,0,0,11,1,0,false
/home/x1/Desktop/ass/ass16/Linked-Lists-Everywhere-master/src/main/java/linkedLists/DLDHDTList.java,linkedLists.DLDHDTList,"addNodeBefore/2[interfases.Node<T>,interfases.Node<T>]",false,47,3,4,0,4,1,4,9,0,2,2,4,0,0,0,0,0,0,0,0,2,0,0,0,0,0,7,1,0,false
/home/x1/Desktop/ass/ass16/Linked-Lists-Everywhere-master/src/main/java/linkedLists/DLDHDTList.java,linkedLists.DLDHDTList,addLastNode/1[interfases.Node<T>],false,26,3,3,0,3,1,3,9,0,2,1,3,0,0,0,0,0,0,0,0,2,0,0,0,0,0,10,1,0,false
/home/x1/Desktop/ass/ass16/Linked-Lists-Everywhere-master/src/main/java/linkedLists/DLDHDTList.java,linkedLists.DLDHDTList,destroy/0,false,116,2,2,0,2,2,2,7,0,1,0,2,0,0,1,1,0,0,0,0,2,0,1,0,0,0,45,2,0,true
/home/x1/Desktop/ass/ass16/Linked-Lists-Everywhere-master/src/main/java/linkedLists/DLDHDTList.java,linkedLists.DLDHDTList,createNewNode/0,false,60,3,1,0,1,1,0,3,1,0,0,0,0,0,0,0,0,0,0,0,0,0,0,0,0,0,3,1,0,false
/home/x1/Desktop/ass/ass16/Linked-Lists-Everywhere-master/src/main/java/interfases/LinkedList.java,interfases.LinkedList,removeNode/1[interfases.Node<T>],false,81,2,0,0,0,1,0,1,0,0,1,0,0,0,0,0,0,0,0,0,0,0,0,0,0,0,37,0,0,true
/home/x1/Desktop/ass/ass16/Linked-Lists-Everywhere-master/src/main/java/interfases/LinkedList.java,interfases.LinkedList,getNodeAfter/1[interfases.Node<T>],false,41,2,0,0,0,1,0,1,0,0,1,0,0,0,0,0,0,0,0,0,0,0,0,0,0,0,20,0,0,true
/home/x1/Desktop/ass/ass16/Linked-Lists-Everywhere-master/src/main/java/interfases/LinkedList.java,interfases.LinkedList,"addNodeBefore/2[interfases.Node<T>,interfases.Node<T>]",false,72,2,0,0,0,1,0,1,0,0,2,0,0,0,0,0,0,0,0,0,0,0,0,0,0,0,32,0,0,true
/home/x1/Desktop/ass/ass16/Linked-Lists-Everywhere-master/src/main/java/interfases/LinkedList.java,interfases.LinkedList,getNodeBefore/1[interfases.Node<T>],false,33,2,0,0,0,1,0,1,0,0,1,0,0,0,0,0,0,0,0,0,0,0,0,0,0,0,20,0,0,true
/home/x1/Desktop/ass/ass16/Linked-Lists-Everywhere-master/src/main/java/interfases/LinkedList.java,interfases.LinkedList,getFirstNode/0,false,17,2,0,0,0,1,0,1,0,0,0,0,0,0,0,0,0,0,0,0,0,0,0,0,0,0,35,0,0,true
/home/x1/Desktop/ass/ass16/Linked-Lists-Everywhere-master/src/main/java/interfases/LinkedList.java,interfases.LinkedList,getLastNode/0,false,26,2,0,0,0,1,0,1,0,0,0,0,0,0,0,0,0,0,0,0,0,0,0,0,0,0,20,0,0,true
/home/x1/Desktop/ass/ass16/Linked-Lists-Everywhere-master/src/main/java/interfases/LinkedList.java,interfases.LinkedList,addLastNode/1[interfases.Node<T>],false,55,2,0,0,0,1,0,1,0,0,1,0,0,0,0,0,0,0,0,0,0,0,0,0,0,0,26,0,0,true
/home/x1/Desktop/ass/ass16/Linked-Lists-Everywhere-master/src/main/java/interfases/LinkedList.java,interfases.LinkedList,createNewNode/0,false,89,2,0,0,0,1,0,1,0,0,0,0,0,0,0,0,0,0,0,0,0,0,0,0,0,0,27,0,0,true
/home/x1/Desktop/ass/ass16/Linked-Lists-Everywhere-master/src/main/java/interfases/LinkedList.java,interfases.LinkedList,"addNodeAfter/2[interfases.Node<T>,interfases.Node<T>]",false,62,2,0,0,0,1,0,1,0,0,2,0,0,0,0,0,0,0,0,0,0,0,0,0,0,0,35,0,0,true
/home/x1/Desktop/ass/ass16/Linked-Lists-Everywhere-master/src/main/java/interfases/LinkedList.java,interfases.LinkedList,addFirstNode/1[interfases.Node<T>],false,49,2,0,0,0,1,0,1,0,0,1,0,0,0,0,0,0,0,0,0,0,0,0,0,0,0,4,0,0,true
/home/x1/Desktop/ass/ass16/Linked-Lists-Everywhere-master/src/main/java/interfases/LinkedList.java,interfases.LinkedList,nodes/0,false,98,2,0,0,0,1,0,1,0,0,0,0,0,0,0,0,0,0,0,0,0,0,0,0,0,0,11,0,0,true
/home/x1/Desktop/ass/ass16/Linked-Lists-Everywhere-master/src/main/java/interfases/LinkedList.java,interfases.LinkedList,length/0,false,11,0,0,0,0,1,0,1,0,0,0,0,0,0,0,0,0,0,0,0,0,0,0,0,0,0,11,0,0,true
/home/x1/Desktop/ass/ass16/Linked-Lists-Everywhere-master/src/main/java/linkedLists/SLList.java,linkedLists.SLList$NodesIterator,remove/0,false,241,1,2,0,2,3,2,7,0,0,0,2,0,0,0,1,0,0,1,0,2,0,1,0,0,0,13,1,0,false
/home/x1/Desktop/ass/ass16/Linked-Lists-Everywhere-master/src/main/java/linkedLists/SLList.java,linkedLists.SLList$NodesIterator,next/0,false,230,3,2,0,2,4,2,8,1,1,0,2,0,0,0,1,0,1,1,0,4,0,1,0,0,0,16,1,0,false
/home/x1/Desktop/ass/ass16/Linked-Lists-Everywhere-master/src/main/java/linkedLists/SLList.java,linkedLists.SLList$NodesIterator,hasNext/0,false,226,0,0,0,0,2,0,3,1,0,0,0,0,0,0,1,0,0,0,0,0,0,0,0,0,0,4,1,0,false
/home/x1/Desktop/ass/ass16/Linked-Lists-Everywhere-master/src/main/java/linkedLists/AbstractSLList.java,linkedLists.AbstractSLList$SNode,setElement/1[T],false,37,1,0,0,0,1,0,3,0,0,1,0,0,0,0,0,0,0,0,0,1,0,0,0,0,0,4,1,0,false
/home/x1/Desktop/ass/ass16/Linked-Lists-Everywhere-master/src/main/java/linkedLists/AbstractSLList.java,linkedLists.AbstractSLList$SNode,getNext/0,false,41,2,0,0,0,1,0,3,1,0,0,0,0,0,0,0,0,0,0,0,0,0,0,0,0,0,3,1,0,false
/home/x1/Desktop/ass/ass16/Linked-Lists-Everywhere-master/src/main/java/linkedLists/AbstractSLList.java,linkedLists.AbstractSLList$SNode,setNext/1[linkedLists.AbstractSLList.SNode<T>],false,44,2,0,0,0,1,0,3,0,0,1,0,0,0,0,0,0,0,0,0,1,0,0,0,0,0,3,1,0,false
/home/x1/Desktop/ass/ass16/Linked-Lists-Everywhere-master/src/main/java/linkedLists/AbstractSLList.java,linkedLists.AbstractSLList$SNode,"SNode/2[T,linkedLists.AbstractSLList.SNode<T>]",true,24,2,0,0,0,1,0,4,0,0,2,0,0,0,0,0,0,0,0,0,2,0,0,0,0,0,5,1,0,false
/home/x1/Desktop/ass/ass16/Linked-Lists-Everywhere-master/src/main/java/linkedLists/AbstractSLList.java,linkedLists.AbstractSLList$SNode,SNode/0,true,20,0,0,0,0,1,0,4,0,0,0,0,0,0,0,0,0,0,0,0,2,0,0,0,0,0,5,1,0,false
/home/x1/Desktop/ass/ass16/Linked-Lists-Everywhere-master/src/main/java/linkedLists/AbstractSLList.java,linkedLists.AbstractSLList$SNode,SNode/1[T],true,28,1,0,0,0,1,0,4,0,0,1,0,0,0,0,0,0,0,0,0,2,0,0,0,0,0,6,1,0,false
/home/x1/Desktop/ass/ass16/Linked-Lists-Everywhere-master/src/main/java/linkedLists/AbstractSLList.java,linkedLists.AbstractSLList$SNode,clean/0,false,47,0,0,0,0,1,0,4,0,0,0,0,0,0,0,0,0,0,0,0,2,0,0,0,0,0,4,1,0,false
/home/x1/Desktop/ass/ass16/Linked-Lists-Everywhere-master/src/main/java/linkedLists/AbstractSLList.java,linkedLists.AbstractSLList$SNode,getElement/0,false,33,1,0,0,0,1,0,3,1,0,0,0,0,0,0,0,0,0,0,0,0,0,0,0,0,0,4,1,0,false
/home/x1/Desktop/ass/ass16/Linked-Lists-Everywhere-master/src/main/java/linkedLists/DLDHDTList.java,linkedLists.DLDHDTList$NodesIterator,remove/0,false,224,1,2,0,2,3,2,7,0,0,0,2,0,0,0,1,0,0,1,0,2,0,1,0,0,0,13,1,0,true
/home/x1/Desktop/ass/ass16/Linked-Lists-Everywhere-master/src/main/java/linkedLists/DLDHDTList.java,linkedLists.DLDHDTList$NodesIterator,next/0,false,210,3,2,0,2,4,2,8,1,1,0,2,0,0,0,1,0,1,1,0,4,0,1,0,0,0,15,1,0,false
/home/x1/Desktop/ass/ass16/Linked-Lists-Everywhere-master/src/main/java/linkedLists/DLDHDTList.java,linkedLists.DLDHDTList$NodesIterator,hasNext/0,false,206,0,0,0,0,2,0,3,1,0,0,0,0,0,0,1,0,0,0,0,0,0,0,0,0,0,4,1,0,false
