file,class,method,variable,usage
/home/x1/Desktop/ass/ass16/Cinema_Ticket_Booking_System-main/src/Driver.java,Driver,main/1[java.lang.String[]],args,0
/home/x1/Desktop/ass/ass16/Cinema_Ticket_Booking_System-main/src/Driver.java,Driver,main/1[java.lang.String[]],g,0
/home/x1/Desktop/ass/ass16/Cinema_Ticket_Booking_System-main/src/Dashboard.java,Dashboard,"setData/2[java.lang.String,java.lang.String]",uName,3
/home/x1/Desktop/ass/ass16/Cinema_Ticket_Booking_System-main/src/Dashboard.java,Dashboard,"setData/2[java.lang.String,java.lang.String]",ID,1
/home/x1/Desktop/ass/ass16/Cinema_Ticket_Booking_System-main/src/Dashboard.java,Dashboard,Dashboard/1[MainGUI.ButtonHandler],h,1
/home/x1/Desktop/ass/ass16/Cinema_Ticket_Booking_System-main/src/Dashboard.java,Dashboard,updateDashboard/0,Schedual_id,3
/home/x1/Desktop/ass/ass16/Cinema_Ticket_Booking_System-main/src/Dashboard.java,Dashboard,updateDashboard/0,b,1
/home/x1/Desktop/ass/ass16/Cinema_Ticket_Booking_System-main/src/Dashboard.java,Dashboard,updateDashboard/0,img,2
/home/x1/Desktop/ass/ass16/Cinema_Ticket_Booking_System-main/src/Dashboard.java,Dashboard,updateDashboard/0,flag,2
/home/x1/Desktop/ass/ass16/Cinema_Ticket_Booking_System-main/src/Dashboard.java,Dashboard,updateDashboard/0,i,26
/home/x1/Desktop/ass/ass16/Cinema_Ticket_Booking_System-main/src/Dashboard.java,Dashboard,updateDashboard/0,movie_name,4
/home/x1/Desktop/ass/ass16/Cinema_Ticket_Booking_System-main/src/Dashboard.java,Dashboard,updateDashboard/0,n,8
/home/x1/Desktop/ass/ass16/Cinema_Ticket_Booking_System-main/src/Dashboard.java,Dashboard,updateDashboard/0,empty,3
/home/x1/Desktop/ass/ass16/Cinema_Ticket_Booking_System-main/src/Dashboard.java,Dashboard,updateDashboard/0,posX,5
/home/x1/Desktop/ass/ass16/Cinema_Ticket_Booking_System-main/src/Dashboard.java,Dashboard,updateDashboard/0,posY,5
/home/x1/Desktop/ass/ass16/Cinema_Ticket_Booking_System-main/src/Dashboard.java,Dashboard,updateDashboard/0,movie_pnl,11
/home/x1/Desktop/ass/ass16/Cinema_Ticket_Booking_System-main/src/Dashboard.java,Dashboard,updateDashboard/0,ex,1
/home/x1/Desktop/ass/ass16/Cinema_Ticket_Booking_System-main/src/Dashboard.java,Dashboard,updateDashboard/0,movie_picture,3
/home/x1/Desktop/ass/ass16/Cinema_Ticket_Booking_System-main/src/Scheduling.java,Scheduling,SchedulingInit/0,p,4
/home/x1/Desktop/ass/ass16/Cinema_Ticket_Booking_System-main/src/Scheduling.java,Scheduling,SchedulingInit/0,datePanel,1
/home/x1/Desktop/ass/ass16/Cinema_Ticket_Booking_System-main/src/Scheduling.java,Scheduling,SchedulingInit/0,model,1
/home/x1/Desktop/ass/ass16/Cinema_Ticket_Booking_System-main/src/Scheduling.java,Scheduling$DateLabelFormatter,stringToValue/1[java.lang.String],text,1
/home/x1/Desktop/ass/ass16/Cinema_Ticket_Booking_System-main/src/Scheduling.java,Scheduling$DateLabelFormatter,valueToString/1[java.lang.Object],value,2
/home/x1/Desktop/ass/ass16/Cinema_Ticket_Booking_System-main/src/Scheduling.java,Scheduling$DateLabelFormatter,valueToString/1[java.lang.Object],cal,1
/home/x1/Desktop/ass/ass16/Cinema_Ticket_Booking_System-main/src/Admin.java,Admin,updateDashboard/0,Schedual_id,7
/home/x1/Desktop/ass/ass16/Cinema_Ticket_Booking_System-main/src/Admin.java,Admin,updateDashboard/0,b,3
/home/x1/Desktop/ass/ass16/Cinema_Ticket_Booking_System-main/src/Admin.java,Admin,updateDashboard/0,img,5
/home/x1/Desktop/ass/ass16/Cinema_Ticket_Booking_System-main/src/Admin.java,Admin,updateDashboard/0,flag,5
/home/x1/Desktop/ass/ass16/Cinema_Ticket_Booking_System-main/src/Admin.java,Admin,updateDashboard/0,schedual_Lbl,3
/home/x1/Desktop/ass/ass16/Cinema_Ticket_Booking_System-main/src/Admin.java,Admin,updateDashboard/0,i,53
/home/x1/Desktop/ass/ass16/Cinema_Ticket_Booking_System-main/src/Admin.java,Admin,updateDashboard/0,movie_name,9
/home/x1/Desktop/ass/ass16/Cinema_Ticket_Booking_System-main/src/Admin.java,Admin,updateDashboard/0,n,15
/home/x1/Desktop/ass/ass16/Cinema_Ticket_Booking_System-main/src/Admin.java,Admin,updateDashboard/0,posX,11
/home/x1/Desktop/ass/ass16/Cinema_Ticket_Booking_System-main/src/Admin.java,Admin,updateDashboard/0,posY,15
/home/x1/Desktop/ass/ass16/Cinema_Ticket_Booking_System-main/src/Admin.java,Admin,updateDashboard/0,movie_pnl,23
/home/x1/Desktop/ass/ass16/Cinema_Ticket_Booking_System-main/src/Admin.java,Admin,updateDashboard/0,ex,3
/home/x1/Desktop/ass/ass16/Cinema_Ticket_Booking_System-main/src/Admin.java,Admin,updateDashboard/0,movie_picture,7
/home/x1/Desktop/ass/ass16/Cinema_Ticket_Booking_System-main/src/Admin.java,Admin,updateDashboard/0,allMoviesLbl,3
/home/x1/Desktop/ass/ass16/Cinema_Ticket_Booking_System-main/src/Admin.java,Admin,setData/1[java.lang.String],uName,3
/home/x1/Desktop/ass/ass16/Cinema_Ticket_Booking_System-main/src/Admin.java,Admin,Admin/1[MainGUI.ButtonHandler],h,1
/home/x1/Desktop/ass/ass16/Cinema_Ticket_Booking_System-main/src/MainGUI.java,MainGUI$ButtonHandler,dashboard_movie_Details_function/1[java.lang.String],date,3
/home/x1/Desktop/ass/ass16/Cinema_Ticket_Booking_System-main/src/MainGUI.java,MainGUI$ButtonHandler,dashboard_movie_Details_function/1[java.lang.String],rs,6
/home/x1/Desktop/ass/ass16/Cinema_Ticket_Booking_System-main/src/MainGUI.java,MainGUI$ButtonHandler,dashboard_movie_Details_function/1[java.lang.String],b,1
/home/x1/Desktop/ass/ass16/Cinema_Ticket_Booking_System-main/src/MainGUI.java,MainGUI$ButtonHandler,dashboard_movie_Details_function/1[java.lang.String],img,1
/home/x1/Desktop/ass/ass16/Cinema_Ticket_Booking_System-main/src/MainGUI.java,MainGUI$ButtonHandler,dashboard_movie_Details_function/1[java.lang.String],ex,3
/home/x1/Desktop/ass/ass16/Cinema_Ticket_Booking_System-main/src/MainGUI.java,MainGUI$ButtonHandler,dashboard_movie_Details_function/1[java.lang.String],movie_picture,3
/home/x1/Desktop/ass/ass16/Cinema_Ticket_Booking_System-main/src/MainGUI.java,MainGUI$ButtonHandler,dashboard_movie_Details_function/1[java.lang.String],rate,3
/home/x1/Desktop/ass/ass16/Cinema_Ticket_Booking_System-main/src/MainGUI.java,MainGUI$ButtonHandler,dashboard_movie_Details_function/1[java.lang.String],cancleBookBtn,6
/home/x1/Desktop/ass/ass16/Cinema_Ticket_Booking_System-main/src/MainGUI.java,MainGUI$ButtonHandler,dashboard_movie_Details_function/1[java.lang.String],movie_name,4
/home/x1/Desktop/ass/ass16/Cinema_Ticket_Booking_System-main/src/MainGUI.java,MainGUI$ButtonHandler,dashboard_movie_Details_function/1[java.lang.String],time,3
/home/x1/Desktop/ass/ass16/Cinema_Ticket_Booking_System-main/src/MainGUI.java,MainGUI$ButtonHandler,dashboard_movie_Details_function/1[java.lang.String],sid,2
/home/x1/Desktop/ass/ass16/Cinema_Ticket_Booking_System-main/src/MainGUI.java,MainGUI$ButtonHandler,movie_basic_Details_function/1[java.lang.String],rs,3
/home/x1/Desktop/ass/ass16/Cinema_Ticket_Booking_System-main/src/MainGUI.java,MainGUI$ButtonHandler,movie_basic_Details_function/1[java.lang.String],b,1
/home/x1/Desktop/ass/ass16/Cinema_Ticket_Booking_System-main/src/MainGUI.java,MainGUI$ButtonHandler,movie_basic_Details_function/1[java.lang.String],img,1
/home/x1/Desktop/ass/ass16/Cinema_Ticket_Booking_System-main/src/MainGUI.java,MainGUI$ButtonHandler,movie_basic_Details_function/1[java.lang.String],ex,3
/home/x1/Desktop/ass/ass16/Cinema_Ticket_Booking_System-main/src/MainGUI.java,MainGUI$ButtonHandler,movie_basic_Details_function/1[java.lang.String],movie_picture,3
/home/x1/Desktop/ass/ass16/Cinema_Ticket_Booking_System-main/src/MainGUI.java,MainGUI$ButtonHandler,movie_basic_Details_function/1[java.lang.String],scheduleBtn,6
/home/x1/Desktop/ass/ass16/Cinema_Ticket_Booking_System-main/src/MainGUI.java,MainGUI$ButtonHandler,movie_basic_Details_function/1[java.lang.String],editMovieBtn,6
/home/x1/Desktop/ass/ass16/Cinema_Ticket_Booking_System-main/src/MainGUI.java,MainGUI$ButtonHandler,movie_basic_Details_function/1[java.lang.String],movie_name,4
/home/x1/Desktop/ass/ass16/Cinema_Ticket_Booking_System-main/src/MainGUI.java,MainGUI$ButtonHandler,movie_basic_Details_function/1[java.lang.String],sid,2
/home/x1/Desktop/ass/ass16/Cinema_Ticket_Booking_System-main/src/MainGUI.java,MainGUI$ButtonHandler,movie_basic_Details_function/1[java.lang.String],deleteMovieBtn,6
/home/x1/Desktop/ass/ass16/Cinema_Ticket_Booking_System-main/src/MainGUI.java,MainGUI$ButtonHandler,mousePressed/1[java.awt.event.MouseEvent],e,0
/home/x1/Desktop/ass/ass16/Cinema_Ticket_Booking_System-main/src/MainGUI.java,MainGUI$ButtonHandler,mouseReleased/1[java.awt.event.MouseEvent],e,0
/home/x1/Desktop/ass/ass16/Cinema_Ticket_Booking_System-main/src/MainGUI.java,MainGUI$ButtonHandler,schedule_a_movie/1[java.lang.String],rs,6
/home/x1/Desktop/ass/ass16/Cinema_Ticket_Booking_System-main/src/MainGUI.java,MainGUI$ButtonHandler,schedule_a_movie/1[java.lang.String],b,1
/home/x1/Desktop/ass/ass16/Cinema_Ticket_Booking_System-main/src/MainGUI.java,MainGUI$ButtonHandler,schedule_a_movie/1[java.lang.String],img,1
/home/x1/Desktop/ass/ass16/Cinema_Ticket_Booking_System-main/src/MainGUI.java,MainGUI$ButtonHandler,schedule_a_movie/1[java.lang.String],ex,3
/home/x1/Desktop/ass/ass16/Cinema_Ticket_Booking_System-main/src/MainGUI.java,MainGUI$ButtonHandler,schedule_a_movie/1[java.lang.String],movie_picture,3
/home/x1/Desktop/ass/ass16/Cinema_Ticket_Booking_System-main/src/MainGUI.java,MainGUI$ButtonHandler,schedule_a_movie/1[java.lang.String],scheduleBtn,7
/home/x1/Desktop/ass/ass16/Cinema_Ticket_Booking_System-main/src/MainGUI.java,MainGUI$ButtonHandler,schedule_a_movie/1[java.lang.String],movie_name,4
/home/x1/Desktop/ass/ass16/Cinema_Ticket_Booking_System-main/src/MainGUI.java,MainGUI$ButtonHandler,schedule_a_movie/1[java.lang.String],sid,2
/home/x1/Desktop/ass/ass16/Cinema_Ticket_Booking_System-main/src/MainGUI.java,MainGUI$ButtonHandler,mouseEntered/1[java.awt.event.MouseEvent],temp,1
/home/x1/Desktop/ass/ass16/Cinema_Ticket_Booking_System-main/src/MainGUI.java,MainGUI$ButtonHandler,mouseEntered/1[java.awt.event.MouseEvent],e,1
/home/x1/Desktop/ass/ass16/Cinema_Ticket_Booking_System-main/src/MainGUI.java,MainGUI$ButtonHandler,mouseEntered/1[java.awt.event.MouseEvent],blackline,1
/home/x1/Desktop/ass/ass16/Cinema_Ticket_Booking_System-main/src/MainGUI.java,MainGUI$ButtonHandler,mouseExited/1[java.awt.event.MouseEvent],temp,1
/home/x1/Desktop/ass/ass16/Cinema_Ticket_Booking_System-main/src/MainGUI.java,MainGUI$ButtonHandler,mouseExited/1[java.awt.event.MouseEvent],e,1
/home/x1/Desktop/ass/ass16/Cinema_Ticket_Booking_System-main/src/MainGUI.java,MainGUI$ButtonHandler,homePage_movie_Details_function/1[java.lang.String],date,3
/home/x1/Desktop/ass/ass16/Cinema_Ticket_Booking_System-main/src/MainGUI.java,MainGUI$ButtonHandler,homePage_movie_Details_function/1[java.lang.String],rs,6
/home/x1/Desktop/ass/ass16/Cinema_Ticket_Booking_System-main/src/MainGUI.java,MainGUI$ButtonHandler,homePage_movie_Details_function/1[java.lang.String],b,1
/home/x1/Desktop/ass/ass16/Cinema_Ticket_Booking_System-main/src/MainGUI.java,MainGUI$ButtonHandler,homePage_movie_Details_function/1[java.lang.String],img,1
/home/x1/Desktop/ass/ass16/Cinema_Ticket_Booking_System-main/src/MainGUI.java,MainGUI$ButtonHandler,homePage_movie_Details_function/1[java.lang.String],ex,3
/home/x1/Desktop/ass/ass16/Cinema_Ticket_Booking_System-main/src/MainGUI.java,MainGUI$ButtonHandler,homePage_movie_Details_function/1[java.lang.String],movie_picture,3
/home/x1/Desktop/ass/ass16/Cinema_Ticket_Booking_System-main/src/MainGUI.java,MainGUI$ButtonHandler,homePage_movie_Details_function/1[java.lang.String],rate,3
/home/x1/Desktop/ass/ass16/Cinema_Ticket_Booking_System-main/src/MainGUI.java,MainGUI$ButtonHandler,homePage_movie_Details_function/1[java.lang.String],bookBtn,6
/home/x1/Desktop/ass/ass16/Cinema_Ticket_Booking_System-main/src/MainGUI.java,MainGUI$ButtonHandler,homePage_movie_Details_function/1[java.lang.String],movie_name,4
/home/x1/Desktop/ass/ass16/Cinema_Ticket_Booking_System-main/src/MainGUI.java,MainGUI$ButtonHandler,homePage_movie_Details_function/1[java.lang.String],time,3
/home/x1/Desktop/ass/ass16/Cinema_Ticket_Booking_System-main/src/MainGUI.java,MainGUI$ButtonHandler,homePage_movie_Details_function/1[java.lang.String],sid,2
/home/x1/Desktop/ass/ass16/Cinema_Ticket_Booking_System-main/src/MainGUI.java,MainGUI$ButtonHandler,mouseClicked/1[java.awt.event.MouseEvent],temp,5
/home/x1/Desktop/ass/ass16/Cinema_Ticket_Booking_System-main/src/MainGUI.java,MainGUI$ButtonHandler,mouseClicked/1[java.awt.event.MouseEvent],flag,4
/home/x1/Desktop/ass/ass16/Cinema_Ticket_Booking_System-main/src/MainGUI.java,MainGUI$ButtonHandler,mouseClicked/1[java.awt.event.MouseEvent],e,1
/home/x1/Desktop/ass/ass16/Cinema_Ticket_Booking_System-main/src/MainGUI.java,MainGUI$ButtonHandler,mouseClicked/1[java.awt.event.MouseEvent],selected_id,7
/home/x1/Desktop/ass/ass16/Cinema_Ticket_Booking_System-main/src/MainGUI.java,MainGUI$ButtonHandler,actionPerformed/1[java.awt.event.ActionEvent],filter,1
/home/x1/Desktop/ass/ass16/Cinema_Ticket_Booking_System-main/src/MainGUI.java,MainGUI$ButtonHandler,actionPerformed/1[java.awt.event.ActionEvent],uID,2
/home/x1/Desktop/ass/ass16/Cinema_Ticket_Booking_System-main/src/MainGUI.java,MainGUI$ButtonHandler,actionPerformed/1[java.awt.event.ActionEvent],path,1
/home/x1/Desktop/ass/ass16/Cinema_Ticket_Booking_System-main/src/MainGUI.java,MainGUI$ButtonHandler,actionPerformed/1[java.awt.event.ActionEvent],image,1
/home/x1/Desktop/ass/ass16/Cinema_Ticket_Booking_System-main/src/MainGUI.java,MainGUI$ButtonHandler,actionPerformed/1[java.awt.event.ActionEvent],ex,28
/home/x1/Desktop/ass/ass16/Cinema_Ticket_Booking_System-main/src/MainGUI.java,MainGUI$ButtonHandler,actionPerformed/1[java.awt.event.ActionEvent],e,20
/home/x1/Desktop/ass/ass16/Cinema_Ticket_Booking_System-main/src/MainGUI.java,MainGUI$ButtonHandler,actionPerformed/1[java.awt.event.ActionEvent],uName,4
/home/x1/Desktop/ass/ass16/Cinema_Ticket_Booking_System-main/src/MainGUI.java,MainGUI$ButtonHandler,actionPerformed/1[java.awt.event.ActionEvent],chooser,4
/home/x1/Desktop/ass/ass16/Cinema_Ticket_Booking_System-main/src/MainGUI.java,MainGUI$ButtonHandler,actionPerformed/1[java.awt.event.ActionEvent],pic,3
/home/x1/Desktop/ass/ass16/Cinema_Ticket_Booking_System-main/src/MainGUI.java,MainGUI$ButtonHandler,actionPerformed/1[java.awt.event.ActionEvent],n,1
/home/x1/Desktop/ass/ass16/Cinema_Ticket_Booking_System-main/src/HomePage.java,HomePage,HomePage/1[MainGUI.ButtonHandler],h,1
/home/x1/Desktop/ass/ass16/Cinema_Ticket_Booking_System-main/src/HomePage.java,HomePage,updateHomePnl/0,posX,5
/home/x1/Desktop/ass/ass16/Cinema_Ticket_Booking_System-main/src/HomePage.java,HomePage,updateHomePnl/0,posY,5
/home/x1/Desktop/ass/ass16/Cinema_Ticket_Booking_System-main/src/HomePage.java,HomePage,updateHomePnl/0,Schedual_id,3
/home/x1/Desktop/ass/ass16/Cinema_Ticket_Booking_System-main/src/HomePage.java,HomePage,updateHomePnl/0,movie_pnl,11
/home/x1/Desktop/ass/ass16/Cinema_Ticket_Booking_System-main/src/HomePage.java,HomePage,updateHomePnl/0,b,1
/home/x1/Desktop/ass/ass16/Cinema_Ticket_Booking_System-main/src/HomePage.java,HomePage,updateHomePnl/0,img,1
/home/x1/Desktop/ass/ass16/Cinema_Ticket_Booking_System-main/src/HomePage.java,HomePage,updateHomePnl/0,flag,2
/home/x1/Desktop/ass/ass16/Cinema_Ticket_Booking_System-main/src/HomePage.java,HomePage,updateHomePnl/0,movie_picture,3
/home/x1/Desktop/ass/ass16/Cinema_Ticket_Booking_System-main/src/HomePage.java,HomePage,updateHomePnl/0,i,26
/home/x1/Desktop/ass/ass16/Cinema_Ticket_Booking_System-main/src/HomePage.java,HomePage,updateHomePnl/0,movie_name,4
/home/x1/Desktop/ass/ass16/Cinema_Ticket_Booking_System-main/src/HomePage.java,HomePage,updateHomePnl/0,n,8
/home/x1/Desktop/ass/ass16/Cinema_Ticket_Booking_System-main/src/HomePage.java,HomePage,updateHomePnl/0,empty,3
/home/x1/Desktop/ass/ass16/Cinema_Ticket_Booking_System-main/src/HomePage.java,HomePage,updateOnSearch/0,Schedual_id,3
/home/x1/Desktop/ass/ass16/Cinema_Ticket_Booking_System-main/src/HomePage.java,HomePage,updateOnSearch/0,b,1
/home/x1/Desktop/ass/ass16/Cinema_Ticket_Booking_System-main/src/HomePage.java,HomePage,updateOnSearch/0,img,2
/home/x1/Desktop/ass/ass16/Cinema_Ticket_Booking_System-main/src/HomePage.java,HomePage,updateOnSearch/0,flag,2
/home/x1/Desktop/ass/ass16/Cinema_Ticket_Booking_System-main/src/HomePage.java,HomePage,updateOnSearch/0,mID,0
/home/x1/Desktop/ass/ass16/Cinema_Ticket_Booking_System-main/src/HomePage.java,HomePage,updateOnSearch/0,i,26
/home/x1/Desktop/ass/ass16/Cinema_Ticket_Booking_System-main/src/HomePage.java,HomePage,updateOnSearch/0,movie_name,4
/home/x1/Desktop/ass/ass16/Cinema_Ticket_Booking_System-main/src/HomePage.java,HomePage,updateOnSearch/0,n,8
/home/x1/Desktop/ass/ass16/Cinema_Ticket_Booking_System-main/src/HomePage.java,HomePage,updateOnSearch/0,empty,3
/home/x1/Desktop/ass/ass16/Cinema_Ticket_Booking_System-main/src/HomePage.java,HomePage,updateOnSearch/0,posX,7
/home/x1/Desktop/ass/ass16/Cinema_Ticket_Booking_System-main/src/HomePage.java,HomePage,updateOnSearch/0,posY,8
/home/x1/Desktop/ass/ass16/Cinema_Ticket_Booking_System-main/src/HomePage.java,HomePage,updateOnSearch/0,movie_pnl,11
/home/x1/Desktop/ass/ass16/Cinema_Ticket_Booking_System-main/src/HomePage.java,HomePage,updateOnSearch/0,ex,1
/home/x1/Desktop/ass/ass16/Cinema_Ticket_Booking_System-main/src/HomePage.java,HomePage,updateOnSearch/0,movie_picture,3
/home/x1/Desktop/ass/ass16/Cinema_Ticket_Booking_System-main/src/HomePage.java,HomePage,setName/1[java.lang.String],uName,1
/home/x1/Desktop/ass/ass16/Cinema_Ticket_Booking_System-main/src/DataConnector.java,DataConnector,getMovieID/1[java.lang.String],searchText,5
/home/x1/Desktop/ass/ass16/Cinema_Ticket_Booking_System-main/src/DataConnector.java,DataConnector,getMovieID/1[java.lang.String],r,3
/home/x1/Desktop/ass/ass16/Cinema_Ticket_Booking_System-main/src/DataConnector.java,DataConnector,getMovieID/1[java.lang.String],ex,1
/home/x1/Desktop/ass/ass16/Cinema_Ticket_Booking_System-main/src/DataConnector.java,DataConnector,getMovieID/1[java.lang.String],n,2
/home/x1/Desktop/ass/ass16/Cinema_Ticket_Booking_System-main/src/DataConnector.java,DataConnector,"addMovieRecord/4[java.lang.String,java.lang.String,java.lang.String,java.io.FileInputStream]",pst,5
/home/x1/Desktop/ass/ass16/Cinema_Ticket_Booking_System-main/src/DataConnector.java,DataConnector,"addMovieRecord/4[java.lang.String,java.lang.String,java.lang.String,java.io.FileInputStream]",image,1
/home/x1/Desktop/ass/ass16/Cinema_Ticket_Booking_System-main/src/DataConnector.java,DataConnector,"addMovieRecord/4[java.lang.String,java.lang.String,java.lang.String,java.io.FileInputStream]",ex,0
/home/x1/Desktop/ass/ass16/Cinema_Ticket_Booking_System-main/src/DataConnector.java,DataConnector,"addMovieRecord/4[java.lang.String,java.lang.String,java.lang.String,java.io.FileInputStream]",duration_time,1
/home/x1/Desktop/ass/ass16/Cinema_Ticket_Booking_System-main/src/DataConnector.java,DataConnector,"addMovieRecord/4[java.lang.String,java.lang.String,java.lang.String,java.io.FileInputStream]",title,1
/home/x1/Desktop/ass/ass16/Cinema_Ticket_Booking_System-main/src/DataConnector.java,DataConnector,"addMovieRecord/4[java.lang.String,java.lang.String,java.lang.String,java.io.FileInputStream]",genere,1
/home/x1/Desktop/ass/ass16/Cinema_Ticket_Booking_System-main/src/DataConnector.java,DataConnector,"addMovieRecord/4[java.lang.String,java.lang.String,java.lang.String,java.io.FileInputStream]",sql,1
/home/x1/Desktop/ass/ass16/Cinema_Ticket_Booking_System-main/src/DataConnector.java,DataConnector,"confirmBooking/2[java.lang.String,java.lang.String]",pst,3
/home/x1/Desktop/ass/ass16/Cinema_Ticket_Booking_System-main/src/DataConnector.java,DataConnector,"confirmBooking/2[java.lang.String,java.lang.String]",uid,1
/home/x1/Desktop/ass/ass16/Cinema_Ticket_Booking_System-main/src/DataConnector.java,DataConnector,"confirmBooking/2[java.lang.String,java.lang.String]",ex,0
/home/x1/Desktop/ass/ass16/Cinema_Ticket_Booking_System-main/src/DataConnector.java,DataConnector,"confirmBooking/2[java.lang.String,java.lang.String]",given_id,1
/home/x1/Desktop/ass/ass16/Cinema_Ticket_Booking_System-main/src/DataConnector.java,DataConnector,"confirmBooking/2[java.lang.String,java.lang.String]",sql,1
/home/x1/Desktop/ass/ass16/Cinema_Ticket_Booking_System-main/src/DataConnector.java,DataConnector,"cancelBooking/2[java.lang.String,java.lang.String]",uid,1
/home/x1/Desktop/ass/ass16/Cinema_Ticket_Booking_System-main/src/DataConnector.java,DataConnector,"cancelBooking/2[java.lang.String,java.lang.String]",ex,0
/home/x1/Desktop/ass/ass16/Cinema_Ticket_Booking_System-main/src/DataConnector.java,DataConnector,"cancelBooking/2[java.lang.String,java.lang.String]",given_id,1
/home/x1/Desktop/ass/ass16/Cinema_Ticket_Booking_System-main/src/DataConnector.java,DataConnector,getUserID/1[java.lang.String],ex,0
/home/x1/Desktop/ass/ass16/Cinema_Ticket_Booking_System-main/src/DataConnector.java,DataConnector,getUserID/1[java.lang.String],NIC,1
/home/x1/Desktop/ass/ass16/Cinema_Ticket_Booking_System-main/src/DataConnector.java,DataConnector,getAllMoviesRecord/0,ex,0
/home/x1/Desktop/ass/ass16/Cinema_Ticket_Booking_System-main/src/DataConnector.java,DataConnector,getNumberOfTicketsForUser/1[java.lang.String],r,3
/home/x1/Desktop/ass/ass16/Cinema_Ticket_Booking_System-main/src/DataConnector.java,DataConnector,getNumberOfTicketsForUser/1[java.lang.String],ex,0
/home/x1/Desktop/ass/ass16/Cinema_Ticket_Booking_System-main/src/DataConnector.java,DataConnector,getNumberOfTicketsForUser/1[java.lang.String],user,1
/home/x1/Desktop/ass/ass16/Cinema_Ticket_Booking_System-main/src/DataConnector.java,DataConnector,getNumberOfTicketsForUser/1[java.lang.String],n,2
/home/x1/Desktop/ass/ass16/Cinema_Ticket_Booking_System-main/src/DataConnector.java,DataConnector,getCountOfAllMovies/0,r,4
/home/x1/Desktop/ass/ass16/Cinema_Ticket_Booking_System-main/src/DataConnector.java,DataConnector,getCountOfAllMovies/0,ex,1
/home/x1/Desktop/ass/ass16/Cinema_Ticket_Booking_System-main/src/DataConnector.java,DataConnector,getCountOfAllMovies/0,n,2
/home/x1/Desktop/ass/ass16/Cinema_Ticket_Booking_System-main/src/DataConnector.java,DataConnector,getBookedMoviesRecords/1[java.lang.String],uID,1
/home/x1/Desktop/ass/ass16/Cinema_Ticket_Booking_System-main/src/DataConnector.java,DataConnector,getBookedMoviesRecords/1[java.lang.String],ex,0
/home/x1/Desktop/ass/ass16/Cinema_Ticket_Booking_System-main/src/DataConnector.java,DataConnector,getdMoviesDetailsBySchedual_ID/1[java.lang.String],ex,1
/home/x1/Desktop/ass/ass16/Cinema_Ticket_Booking_System-main/src/DataConnector.java,DataConnector,getdMoviesDetailsBySchedual_ID/1[java.lang.String],MId,1
/home/x1/Desktop/ass/ass16/Cinema_Ticket_Booking_System-main/src/DataConnector.java,DataConnector,deleteMovie/1[java.lang.String],ex,0
/home/x1/Desktop/ass/ass16/Cinema_Ticket_Booking_System-main/src/DataConnector.java,DataConnector,deleteMovie/1[java.lang.String],given_id,1
/home/x1/Desktop/ass/ass16/Cinema_Ticket_Booking_System-main/src/DataConnector.java,DataConnector,"updatePassword/3[java.lang.String,java.lang.String,java.lang.String]",ex,0
/home/x1/Desktop/ass/ass16/Cinema_Ticket_Booking_System-main/src/DataConnector.java,DataConnector,"updatePassword/3[java.lang.String,java.lang.String,java.lang.String]",newPass,1
/home/x1/Desktop/ass/ass16/Cinema_Ticket_Booking_System-main/src/DataConnector.java,DataConnector,"updatePassword/3[java.lang.String,java.lang.String,java.lang.String]",NIC,1
/home/x1/Desktop/ass/ass16/Cinema_Ticket_Booking_System-main/src/DataConnector.java,DataConnector,"updatePassword/3[java.lang.String,java.lang.String,java.lang.String]",oldPass,1
/home/x1/Desktop/ass/ass16/Cinema_Ticket_Booking_System-main/src/DataConnector.java,DataConnector,"updatePassword/3[java.lang.String,java.lang.String,java.lang.String]",n,1
/home/x1/Desktop/ass/ass16/Cinema_Ticket_Booking_System-main/src/DataConnector.java,DataConnector,"addToSchedual/6[java.lang.String,java.lang.String,java.lang.String,java.lang.String,java.lang.String,java.lang.String]",pst,7
/home/x1/Desktop/ass/ass16/Cinema_Ticket_Booking_System-main/src/DataConnector.java,DataConnector,"addToSchedual/6[java.lang.String,java.lang.String,java.lang.String,java.lang.String,java.lang.String,java.lang.String]",ex,1
/home/x1/Desktop/ass/ass16/Cinema_Ticket_Booking_System-main/src/DataConnector.java,DataConnector,"addToSchedual/6[java.lang.String,java.lang.String,java.lang.String,java.lang.String,java.lang.String,java.lang.String]",etime,1
/home/x1/Desktop/ass/ass16/Cinema_Ticket_Booking_System-main/src/DataConnector.java,DataConnector,"addToSchedual/6[java.lang.String,java.lang.String,java.lang.String,java.lang.String,java.lang.String,java.lang.String]",mId,1
/home/x1/Desktop/ass/ass16/Cinema_Ticket_Booking_System-main/src/DataConnector.java,DataConnector,"addToSchedual/6[java.lang.String,java.lang.String,java.lang.String,java.lang.String,java.lang.String,java.lang.String]",datePicker,1
/home/x1/Desktop/ass/ass16/Cinema_Ticket_Booking_System-main/src/DataConnector.java,DataConnector,"addToSchedual/6[java.lang.String,java.lang.String,java.lang.String,java.lang.String,java.lang.String,java.lang.String]",price_txt,1
/home/x1/Desktop/ass/ass16/Cinema_Ticket_Booking_System-main/src/DataConnector.java,DataConnector,"addToSchedual/6[java.lang.String,java.lang.String,java.lang.String,java.lang.String,java.lang.String,java.lang.String]",stime,1
/home/x1/Desktop/ass/ass16/Cinema_Ticket_Booking_System-main/src/DataConnector.java,DataConnector,"addToSchedual/6[java.lang.String,java.lang.String,java.lang.String,java.lang.String,java.lang.String,java.lang.String]",sHall,1
/home/x1/Desktop/ass/ass16/Cinema_Ticket_Booking_System-main/src/DataConnector.java,DataConnector,"addToSchedual/6[java.lang.String,java.lang.String,java.lang.String,java.lang.String,java.lang.String,java.lang.String]",sql,1
/home/x1/Desktop/ass/ass16/Cinema_Ticket_Booking_System-main/src/DataConnector.java,DataConnector,getNumberOfMoviesTobePlayed/0,r,3
/home/x1/Desktop/ass/ass16/Cinema_Ticket_Booking_System-main/src/DataConnector.java,DataConnector,getNumberOfMoviesTobePlayed/0,ex,0
/home/x1/Desktop/ass/ass16/Cinema_Ticket_Booking_System-main/src/DataConnector.java,DataConnector,getNumberOfMoviesTobePlayed/0,n,2
/home/x1/Desktop/ass/ass16/Cinema_Ticket_Booking_System-main/src/DataConnector.java,DataConnector,DataConnector/0,ex,1
/home/x1/Desktop/ass/ass16/Cinema_Ticket_Booking_System-main/src/DataConnector.java,DataConnector,"getUserName/2[java.lang.String,java.lang.String]",ex,0
/home/x1/Desktop/ass/ass16/Cinema_Ticket_Booking_System-main/src/DataConnector.java,DataConnector,"getUserName/2[java.lang.String,java.lang.String]",pass,1
/home/x1/Desktop/ass/ass16/Cinema_Ticket_Booking_System-main/src/DataConnector.java,DataConnector,"getUserName/2[java.lang.String,java.lang.String]",NIC,1
/home/x1/Desktop/ass/ass16/Cinema_Ticket_Booking_System-main/src/DataConnector.java,DataConnector,getNumberOfSearchResults/1[java.lang.String],searchText,5
/home/x1/Desktop/ass/ass16/Cinema_Ticket_Booking_System-main/src/DataConnector.java,DataConnector,getNumberOfSearchResults/1[java.lang.String],r,3
/home/x1/Desktop/ass/ass16/Cinema_Ticket_Booking_System-main/src/DataConnector.java,DataConnector,getNumberOfSearchResults/1[java.lang.String],ex,0
/home/x1/Desktop/ass/ass16/Cinema_Ticket_Booking_System-main/src/DataConnector.java,DataConnector,getNumberOfSearchResults/1[java.lang.String],n,2
/home/x1/Desktop/ass/ass16/Cinema_Ticket_Booking_System-main/src/DataConnector.java,DataConnector,"addUserRecord/4[java.lang.String,java.lang.String,java.lang.String,java.lang.String]",pNo,1
/home/x1/Desktop/ass/ass16/Cinema_Ticket_Booking_System-main/src/DataConnector.java,DataConnector,"addUserRecord/4[java.lang.String,java.lang.String,java.lang.String,java.lang.String]",password,1
/home/x1/Desktop/ass/ass16/Cinema_Ticket_Booking_System-main/src/DataConnector.java,DataConnector,"addUserRecord/4[java.lang.String,java.lang.String,java.lang.String,java.lang.String]",ex,1
/home/x1/Desktop/ass/ass16/Cinema_Ticket_Booking_System-main/src/DataConnector.java,DataConnector,"addUserRecord/4[java.lang.String,java.lang.String,java.lang.String,java.lang.String]",name,1
/home/x1/Desktop/ass/ass16/Cinema_Ticket_Booking_System-main/src/DataConnector.java,DataConnector,"addUserRecord/4[java.lang.String,java.lang.String,java.lang.String,java.lang.String]",CNIC,1
/home/x1/Desktop/ass/ass16/Cinema_Ticket_Booking_System-main/src/DataConnector.java,DataConnector,getMoviesDetailsByMovie_ID/1[java.lang.String],ex,1
/home/x1/Desktop/ass/ass16/Cinema_Ticket_Booking_System-main/src/DataConnector.java,DataConnector,getMoviesDetailsByMovie_ID/1[java.lang.String],MId,1
/home/x1/Desktop/ass/ass16/Cinema_Ticket_Booking_System-main/src/DataConnector.java,DataConnector,getHallsName/0,ex,1
/home/x1/Desktop/ass/ass16/Cinema_Ticket_Booking_System-main/src/DataConnector.java,DataConnector,isAdmin/1[java.lang.String],r,2
/home/x1/Desktop/ass/ass16/Cinema_Ticket_Booking_System-main/src/DataConnector.java,DataConnector,isAdmin/1[java.lang.String],ex,0
/home/x1/Desktop/ass/ass16/Cinema_Ticket_Booking_System-main/src/DataConnector.java,DataConnector,isAdmin/1[java.lang.String],id,1
/home/x1/Desktop/ass/ass16/Cinema_Ticket_Booking_System-main/src/DataConnector.java,DataConnector,isAdmin/1[java.lang.String],n,3
/home/x1/Desktop/ass/ass16/Cinema_Ticket_Booking_System-main/src/DataConnector.java,DataConnector,getUserName/1[int],ex,0
/home/x1/Desktop/ass/ass16/Cinema_Ticket_Booking_System-main/src/DataConnector.java,DataConnector,getUserName/1[int],ID,1
/home/x1/Desktop/ass/ass16/Cinema_Ticket_Booking_System-main/src/DataConnector.java,DataConnector,getScheduledMoviesRecords/0,ex,1
/home/x1/Desktop/ass/ass16/Cinema_Ticket_Booking_System-main/src/DataConnector.java,DataConnector,getSearchedMovie/1[java.lang.String],searchText,5
/home/x1/Desktop/ass/ass16/Cinema_Ticket_Booking_System-main/src/DataConnector.java,DataConnector,getSearchedMovie/1[java.lang.String],ex,0
